"","s","a","t","m"
"1","No","High","Yes","Yes"
"2","Yes","High","No","No"
"3","No","High","No","Yes"
"4","No","High","No","No"
"5","Yes","Low","No","Yes"
"6","Yes","Low","No","Yes"
"7","Yes","Low","No","Yes"
"8","No","Low","No","No"
"9","No","Low","Yes","No"
"10","Yes","Low","No","No"
"11","Yes","Low","Yes","Yes"
"12","Yes","High","No","Yes"
"13","No","Low","Yes","Yes"
"14","Yes","High","Yes","No"
"15","No","Low","No","No"
"16","No","High","No","Yes"
"17","Yes","High","Yes","No"
"18","No","Low","Yes","Yes"
"19","Yes","Low","No","No"
"20","Yes","Low","Yes","Yes"
"21","Yes","Low","No","Yes"
"22","Yes","Low","No","No"
"23","No","Low","No","No"
"24","Yes","Low","Yes","No"
"25","Yes","High","No","No"
"26","No","High","No","Yes"
"27","Yes","High","Yes","No"
"28","No","High","No","No"
"29","Yes","High","Yes","Yes"
"30","Yes","Low","Yes","Yes"
"31","No","Low","Yes","No"
"32","Yes","High","Yes","Yes"
"33","No","High","Yes","No"
"34","No","Low","No","Yes"
"35","Yes","High","No","Yes"
"36","Yes","High","Yes","Yes"
"37","Yes","Low","Yes","Yes"
"38","No","Low","No","No"
"39","No","High","No","Yes"
"40","No","High","Yes","Yes"
"41","Yes","High","No","No"
"42","Yes","Low","Yes","Yes"
"43","Yes","High","No","No"
"44","Yes","Low","No","Yes"
"45","Yes","Low","No","No"
"46","Yes","High","No","Yes"
"47","Yes","High","Yes","Yes"
"48","Yes","Low","No","No"
"49","Yes","High","No","Yes"
"50","No","High","Yes","Yes"
"51","No","High","Yes","No"
"52","Yes","Low","Yes","No"
"53","Yes","Low","No","No"
"54","Yes","Low","No","No"
"55","No","High","Yes","Yes"
"56","No","High","No","Yes"
"57","Yes","Low","Yes","Yes"
"58","Yes","High","No","No"
"59","No","High","No","Yes"
"60","No","Low","Yes","Yes"
"61","Yes","Low","No","No"
"62","Yes","Low","No","Yes"
"63","Yes","High","Yes","No"
"64","No","High","No","No"
"65","No","Low","No","Yes"
"66","Yes","Low","Yes","Yes"
"67","Yes","Low","Yes","Yes"
"68","Yes","High","No","Yes"
"69","Yes","High","Yes","No"
"70","No","High","No","Yes"
"71","No","Low","No","No"
"72","No","Low","No","No"
"73","Yes","Low","Yes","Yes"
"74","Yes","High","No","Yes"
"75","Yes","Low","Yes","No"
"76","No","Low","No","No"
"77","Yes","Low","No","Yes"
"78","No","Low","Yes","Yes"
"79","Yes","High","Yes","No"
"80","Yes","High","No","Yes"
"81","Yes","High","Yes","No"
"82","Yes","High","Yes","Yes"
"83","Yes","High","No","Yes"
"84","Yes","High","Yes","Yes"
"85","No","Low","Yes","No"
"86","Yes","Low","No","Yes"
"87","No","Low","Yes","Yes"
"88","Yes","Low","No","No"
"89","Yes","Low","Yes","No"
"90","No","High","Yes","Yes"
"91","Yes","Low","No","Yes"
"92","Yes","High","No","Yes"
"93","Yes","High","No","Yes"
"94","Yes","High","Yes","Yes"
"95","No","Low","No","Yes"
"96","Yes","Low","No","Yes"
"97","No","High","Yes","No"
"98","Yes","Low","Yes","Yes"
"99","No","High","No","No"
"100","No","Low","No","Yes"
"101","No","Low","Yes","No"
"102","No","High","No","No"
"103","No","High","Yes","Yes"
"104","Yes","Low","Yes","No"
"105","Yes","Low","No","Yes"
"106","Yes","Low","No","No"
"107","Yes","Low","No","Yes"
"108","Yes","Low","Yes","Yes"
"109","Yes","High","No","Yes"
"110","Yes","High","Yes","No"
"111","Yes","Low","No","No"
"112","Yes","Low","Yes","Yes"
"113","Yes","Low","Yes","No"
"114","No","High","Yes","No"
"115","Yes","Low","Yes","No"
"116","Yes","Low","No","No"
"117","Yes","Low","Yes","Yes"
"118","Yes","Low","No","Yes"
"119","No","High","No","Yes"
"120","Yes","High","Yes","Yes"
"121","Yes","Low","No","Yes"
"122","No","Low","No","No"
"123","Yes","Low","Yes","Yes"
"124","Yes","Low","No","Yes"
"125","Yes","High","No","No"
"126","Yes","Low","No","No"
"127","Yes","High","No","No"
"128","Yes","Low","No","Yes"
"129","Yes","Low","No","No"
"130","Yes","Low","No","Yes"
"131","No","Low","Yes","Yes"
"132","Yes","High","No","Yes"
"133","Yes","Low","No","No"
"134","Yes","Low","No","No"
"135","Yes","High","No","Yes"
"136","Yes","High","Yes","Yes"
"137","Yes","High","No","No"
"138","Yes","Low","Yes","No"
"139","Yes","Low","Yes","No"
"140","No","Low","Yes","No"
"141","No","Low","Yes","Yes"
"142","Yes","Low","No","No"
"143","Yes","High","No","Yes"
"144","No","High","Yes","Yes"
"145","Yes","High","No","No"
"146","Yes","High","Yes","Yes"
"147","Yes","High","No","Yes"
"148","No","Low","Yes","Yes"
"149","No","High","No","Yes"
"150","No","High","No","Yes"
"151","Yes","Low","Yes","Yes"
"152","Yes","Low","Yes","Yes"
"153","Yes","High","No","No"
"154","No","Low","No","No"
"155","Yes","High","No","No"
"156","Yes","High","Yes","No"
"157","Yes","High","Yes","No"
"158","No","High","No","No"
"159","Yes","High","No","No"
"160","No","High","No","No"
"161","Yes","High","No","No"
"162","Yes","High","Yes","Yes"
"163","Yes","High","No","No"
"164","No","Low","Yes","No"
"165","No","Low","No","Yes"
"166","Yes","Low","No","Yes"
"167","Yes","High","No","No"
"168","Yes","Low","No","Yes"
"169","Yes","High","Yes","Yes"
"170","Yes","High","No","Yes"
"171","No","High","No","Yes"
"172","Yes","Low","No","No"
"173","Yes","Low","No","No"
"174","No","High","No","Yes"
"175","Yes","Low","Yes","Yes"
"176","Yes","High","No","No"
"177","No","Low","No","Yes"
"178","Yes","Low","Yes","No"
"179","Yes","Low","No","No"
"180","Yes","Low","No","Yes"
"181","Yes","High","Yes","Yes"
"182","Yes","Low","Yes","Yes"
"183","Yes","Low","No","No"
"184","Yes","High","No","No"
"185","Yes","Low","Yes","Yes"
"186","No","Low","No","No"
"187","Yes","High","No","Yes"
"188","No","Low","Yes","Yes"
"189","No","High","Yes","No"
"190","Yes","Low","No","Yes"
"191","Yes","High","Yes","No"
"192","No","Low","No","No"
"193","Yes","Low","No","No"
"194","Yes","High","Yes","No"
"195","No","High","Yes","Yes"
"196","No","Low","No","No"
"197","Yes","Low","No","No"
"198","No","High","No","No"
"199","Yes","High","No","No"
"200","Yes","Low","Yes","No"
"201","No","High","Yes","Yes"
"202","Yes","Low","Yes","No"
"203","Yes","Low","Yes","No"
"204","Yes","Low","Yes","No"
"205","Yes","High","Yes","No"
"206","No","Low","Yes","Yes"
"207","No","Low","Yes","No"
"208","Yes","High","No","Yes"
"209","Yes","Low","Yes","Yes"
"210","Yes","High","No","Yes"
"211","Yes","High","No","No"
"212","Yes","Low","No","Yes"
"213","Yes","Low","No","Yes"
"214","Yes","High","No","No"
"215","Yes","High","Yes","No"
"216","Yes","Low","No","Yes"
"217","No","High","No","Yes"
"218","Yes","Low","Yes","Yes"
"219","Yes","High","No","No"
"220","Yes","Low","No","Yes"
"221","Yes","Low","Yes","No"
"222","No","High","No","Yes"
"223","Yes","High","Yes","No"
"224","Yes","High","No","Yes"
"225","Yes","Low","No","No"
"226","Yes","High","Yes","Yes"
"227","Yes","Low","No","No"
"228","No","High","No","No"
"229","Yes","High","Yes","No"
"230","Yes","Low","Yes","No"
"231","Yes","High","Yes","No"
"232","Yes","High","No","Yes"
"233","Yes","Low","No","No"
"234","No","Low","Yes","No"
"235","No","Low","Yes","No"
"236","No","Low","Yes","No"
"237","Yes","Low","Yes","Yes"
"238","Yes","High","No","No"
"239","Yes","High","Yes","Yes"
"240","No","Low","Yes","Yes"
"241","Yes","Low","Yes","Yes"
"242","Yes","High","Yes","Yes"
"243","No","High","Yes","Yes"
"244","Yes","High","No","No"
"245","Yes","High","Yes","No"
"246","Yes","High","Yes","Yes"
"247","Yes","High","No","Yes"
"248","Yes","High","Yes","No"
"249","No","Low","Yes","Yes"
"250","Yes","High","No","No"
"251","No","Low","Yes","No"
"252","Yes","Low","Yes","No"
"253","No","High","No","Yes"
"254","No","High","Yes","No"
"255","Yes","High","No","No"
"256","Yes","High","No","Yes"
"257","Yes","High","Yes","Yes"
"258","No","Low","No","No"
"259","No","Low","No","No"
"260","Yes","Low","Yes","No"
"261","No","Low","Yes","No"
"262","Yes","High","Yes","No"
"263","Yes","Low","Yes","No"
"264","Yes","Low","Yes","No"
"265","Yes","High","Yes","No"
"266","Yes","High","No","Yes"
"267","Yes","Low","No","No"
"268","Yes","High","No","Yes"
"269","Yes","High","Yes","Yes"
"270","No","High","No","No"
"271","Yes","Low","No","No"
"272","Yes","Low","No","No"
"273","Yes","High","No","No"
"274","Yes","Low","Yes","No"
"275","Yes","Low","Yes","No"
"276","Yes","High","Yes","Yes"
"277","Yes","Low","Yes","No"
"278","No","Low","Yes","Yes"
"279","Yes","Low","No","Yes"
"280","No","High","Yes","No"
"281","No","High","Yes","Yes"
"282","Yes","Low","Yes","Yes"
"283","Yes","Low","Yes","Yes"
"284","Yes","High","Yes","Yes"
"285","Yes","High","No","No"
"286","Yes","High","No","No"
"287","Yes","High","Yes","Yes"
"288","No","High","Yes","No"
"289","Yes","Low","No","Yes"
"290","Yes","High","No","Yes"
"291","No","Low","No","Yes"
"292","No","High","No","No"
"293","Yes","High","Yes","No"
"294","Yes","Low","Yes","No"
"295","No","High","Yes","No"
"296","Yes","Low","No","Yes"
"297","No","High","Yes","Yes"
"298","Yes","High","No","No"
"299","Yes","High","No","Yes"
"300","Yes","High","Yes","No"
"301","Yes","Low","No","No"
"302","Yes","High","No","Yes"
"303","Yes","Low","Yes","Yes"
"304","No","Low","Yes","Yes"
"305","Yes","High","No","Yes"
"306","Yes","High","Yes","Yes"
"307","No","High","No","Yes"
"308","Yes","High","Yes","Yes"
"309","No","High","Yes","Yes"
"310","Yes","High","Yes","No"
"311","Yes","Low","No","Yes"
"312","Yes","High","No","No"
"313","No","High","Yes","Yes"
"314","Yes","Low","Yes","Yes"
"315","Yes","High","No","No"
"316","No","Low","Yes","Yes"
"317","Yes","High","Yes","No"
"318","Yes","High","No","No"
"319","No","Low","No","No"
"320","Yes","High","No","Yes"
"321","Yes","Low","Yes","No"
"322","No","Low","No","Yes"
"323","Yes","Low","No","Yes"
"324","Yes","Low","Yes","No"
"325","No","High","No","Yes"
"326","Yes","Low","No","No"
"327","Yes","Low","No","Yes"
"328","Yes","Low","No","No"
"329","Yes","Low","No","No"
"330","No","Low","No","No"
"331","No","High","No","No"
"332","Yes","Low","Yes","Yes"
"333","Yes","Low","No","No"
"334","No","High","No","No"
"335","Yes","High","No","Yes"
"336","No","Low","No","Yes"
"337","Yes","Low","No","No"
"338","No","Low","Yes","Yes"
"339","Yes","High","Yes","Yes"
"340","Yes","Low","Yes","No"
"341","No","Low","Yes","Yes"
"342","No","Low","No","No"
"343","No","Low","No","Yes"
"344","Yes","High","No","Yes"
"345","Yes","High","No","No"
"346","No","High","No","Yes"
"347","Yes","Low","No","Yes"
"348","Yes","Low","Yes","Yes"
"349","Yes","High","Yes","Yes"
"350","Yes","High","Yes","Yes"
"351","Yes","Low","Yes","No"
"352","Yes","High","No","No"
"353","Yes","Low","No","Yes"
"354","Yes","Low","No","Yes"
"355","No","Low","No","Yes"
"356","Yes","Low","No","No"
"357","No","Low","Yes","No"
"358","Yes","High","No","No"
"359","Yes","High","No","Yes"
"360","Yes","Low","Yes","Yes"
"361","Yes","Low","No","Yes"
"362","No","High","No","Yes"
"363","Yes","High","Yes","Yes"
"364","Yes","High","No","No"
"365","Yes","Low","Yes","Yes"
"366","Yes","High","Yes","No"
"367","Yes","High","Yes","Yes"
"368","Yes","High","No","No"
"369","Yes","High","Yes","Yes"
"370","Yes","Low","No","Yes"
"371","No","High","Yes","No"
"372","No","High","No","No"
"373","No","High","Yes","No"
"374","No","High","No","Yes"
"375","Yes","High","Yes","No"
"376","Yes","Low","No","No"
"377","No","High","No","No"
"378","Yes","High","No","Yes"
"379","No","Low","Yes","Yes"
"380","Yes","Low","No","Yes"
"381","Yes","Low","No","No"
"382","Yes","High","No","No"
"383","Yes","High","No","No"
"384","Yes","Low","Yes","Yes"
"385","No","High","Yes","Yes"
"386","Yes","High","No","No"
"387","Yes","High","No","No"
"388","Yes","High","Yes","No"
"389","Yes","Low","Yes","No"
"390","Yes","Low","Yes","No"
"391","Yes","Low","No","Yes"
"392","No","High","Yes","Yes"
"393","No","High","No","No"
"394","Yes","High","No","No"
"395","Yes","Low","Yes","No"
"396","Yes","High","Yes","No"
"397","Yes","Low","No","Yes"
"398","Yes","High","Yes","No"
"399","Yes","High","No","No"
"400","Yes","High","Yes","Yes"
"401","No","Low","Yes","No"
"402","No","High","No","Yes"
"403","Yes","Low","No","Yes"
"404","Yes","High","Yes","Yes"
"405","Yes","High","No","Yes"
"406","Yes","High","Yes","No"
"407","Yes","High","No","No"
"408","No","Low","Yes","No"
"409","Yes","High","Yes","No"
"410","Yes","Low","No","No"
"411","Yes","Low","No","No"
"412","Yes","Low","Yes","Yes"
"413","Yes","Low","Yes","Yes"
"414","No","Low","Yes","No"
"415","No","High","Yes","Yes"
"416","Yes","Low","No","No"
"417","No","High","Yes","Yes"
"418","Yes","Low","Yes","No"
"419","No","Low","Yes","No"
"420","No","Low","Yes","No"
"421","No","High","No","No"
"422","Yes","High","No","No"
"423","Yes","Low","Yes","No"
"424","Yes","High","Yes","Yes"
"425","Yes","Low","Yes","No"
"426","No","High","Yes","Yes"
"427","Yes","High","No","No"
"428","Yes","Low","No","Yes"
"429","No","Low","No","Yes"
"430","Yes","High","Yes","Yes"
"431","Yes","High","No","No"
"432","Yes","High","No","No"
"433","Yes","Low","No","No"
"434","Yes","High","No","No"
"435","Yes","High","Yes","Yes"
"436","Yes","High","Yes","Yes"
"437","No","Low","No","Yes"
"438","No","Low","Yes","Yes"
"439","Yes","High","Yes","Yes"
"440","Yes","Low","Yes","Yes"
"441","Yes","Low","No","No"
"442","No","Low","No","Yes"
"443","Yes","Low","No","No"
"444","No","Low","Yes","No"
"445","Yes","High","No","No"
"446","Yes","Low","No","Yes"
"447","No","Low","No","No"
"448","Yes","High","No","Yes"
"449","Yes","Low","No","Yes"
"450","Yes","Low","No","No"
"451","No","Low","No","No"
"452","Yes","High","Yes","Yes"
"453","Yes","High","No","No"
"454","Yes","High","No","Yes"
"455","No","Low","No","Yes"
"456","Yes","High","No","No"
"457","Yes","Low","No","No"
"458","Yes","High","No","Yes"
"459","No","Low","Yes","Yes"
"460","Yes","High","Yes","Yes"
"461","Yes","High","Yes","Yes"
"462","Yes","High","No","No"
"463","Yes","High","Yes","No"
"464","Yes","High","Yes","Yes"
"465","Yes","High","No","No"
"466","No","Low","No","Yes"
"467","Yes","High","Yes","No"
"468","Yes","High","No","No"
"469","Yes","High","No","No"
"470","No","Low","Yes","No"
"471","Yes","Low","No","No"
"472","No","Low","Yes","Yes"
"473","Yes","Low","Yes","Yes"
"474","Yes","High","Yes","No"
"475","Yes","Low","Yes","No"
"476","Yes","High","No","Yes"
"477","Yes","Low","No","Yes"
"478","Yes","Low","No","No"
"479","No","High","No","No"
"480","Yes","Low","No","No"
"481","Yes","Low","No","Yes"
"482","Yes","High","No","No"
"483","Yes","High","Yes","Yes"
"484","No","Low","Yes","No"
"485","Yes","Low","No","No"
"486","Yes","Low","No","Yes"
"487","Yes","Low","Yes","Yes"
"488","Yes","High","No","No"
"489","Yes","High","No","Yes"
"490","Yes","High","No","Yes"
"491","Yes","Low","No","Yes"
"492","Yes","High","No","Yes"
"493","No","High","Yes","Yes"
"494","Yes","High","Yes","Yes"
"495","No","High","No","Yes"
"496","Yes","High","No","Yes"
"497","No","Low","No","Yes"
"498","Yes","High","Yes","Yes"
"499","Yes","Low","Yes","No"
"500","No","High","No","No"
"501","Yes","High","Yes","Yes"
"502","Yes","High","No","Yes"
"503","No","Low","Yes","Yes"
"504","Yes","High","Yes","No"
"505","Yes","High","Yes","No"
"506","Yes","High","No","No"
"507","Yes","High","Yes","Yes"
"508","Yes","High","Yes","Yes"
"509","Yes","High","No","No"
"510","Yes","Low","No","Yes"
"511","Yes","High","Yes","Yes"
"512","Yes","High","Yes","No"
"513","Yes","High","Yes","Yes"
"514","Yes","High","No","No"
"515","Yes","Low","No","Yes"
"516","No","High","Yes","No"
"517","Yes","Low","Yes","No"
"518","Yes","High","Yes","No"
"519","Yes","High","No","No"
"520","No","High","No","Yes"
"521","No","Low","No","No"
"522","Yes","High","Yes","Yes"
"523","No","High","Yes","Yes"
"524","No","High","No","No"
"525","Yes","Low","No","Yes"
"526","No","Low","No","No"
"527","No","Low","No","Yes"
"528","Yes","Low","Yes","No"
"529","Yes","Low","No","No"
"530","Yes","High","Yes","Yes"
"531","No","High","Yes","No"
"532","No","Low","Yes","No"
"533","Yes","Low","Yes","No"
"534","Yes","Low","Yes","Yes"
"535","Yes","Low","Yes","Yes"
"536","Yes","High","Yes","Yes"
"537","Yes","High","Yes","No"
"538","Yes","Low","No","No"
"539","Yes","High","No","Yes"
"540","Yes","High","Yes","No"
"541","Yes","High","No","No"
"542","Yes","High","Yes","No"
"543","Yes","High","No","No"
"544","Yes","Low","Yes","Yes"
"545","Yes","High","Yes","No"
"546","Yes","High","No","Yes"
"547","No","Low","No","Yes"
"548","No","High","No","Yes"
"549","Yes","Low","Yes","No"
"550","Yes","Low","Yes","No"
"551","Yes","High","No","No"
"552","Yes","Low","Yes","No"
"553","Yes","High","No","Yes"
"554","No","High","Yes","Yes"
"555","Yes","Low","Yes","No"
"556","Yes","High","Yes","Yes"
"557","Yes","High","Yes","Yes"
"558","No","High","No","Yes"
"559","Yes","High","Yes","No"
"560","Yes","High","Yes","No"
"561","No","Low","No","Yes"
"562","No","High","No","No"
"563","No","High","No","Yes"
"564","No","High","Yes","Yes"
"565","No","Low","No","No"
"566","No","High","Yes","No"
"567","No","High","No","No"
"568","No","Low","No","No"
"569","Yes","High","No","No"
"570","Yes","Low","Yes","No"
"571","Yes","High","No","No"
"572","Yes","Low","Yes","Yes"
"573","Yes","Low","Yes","No"
"574","Yes","High","No","No"
"575","Yes","Low","Yes","No"
"576","Yes","High","Yes","No"
"577","Yes","High","Yes","No"
"578","No","Low","No","No"
"579","No","High","No","No"
"580","Yes","Low","Yes","Yes"
"581","No","Low","Yes","Yes"
"582","No","Low","No","Yes"
"583","Yes","Low","Yes","No"
"584","No","High","No","Yes"
"585","No","Low","Yes","No"
"586","Yes","High","Yes","No"
"587","Yes","High","No","Yes"
"588","No","Low","Yes","No"
"589","Yes","High","Yes","No"
"590","No","Low","Yes","No"
"591","Yes","High","No","No"
"592","Yes","High","No","Yes"
"593","Yes","Low","No","No"
"594","Yes","Low","Yes","No"
"595","No","Low","Yes","Yes"
"596","Yes","Low","Yes","Yes"
"597","No","High","No","No"
"598","No","High","Yes","Yes"
"599","No","Low","Yes","No"
"600","Yes","Low","No","No"
"601","Yes","Low","No","Yes"
"602","No","High","Yes","No"
"603","No","Low","Yes","Yes"
"604","Yes","High","Yes","No"
"605","Yes","High","Yes","Yes"
"606","Yes","High","No","Yes"
"607","No","High","No","No"
"608","No","Low","Yes","Yes"
"609","Yes","High","Yes","Yes"
"610","Yes","Low","No","No"
"611","Yes","High","Yes","No"
"612","Yes","High","Yes","Yes"
"613","Yes","Low","No","Yes"
"614","Yes","High","Yes","No"
"615","Yes","Low","Yes","Yes"
"616","No","High","No","No"
"617","Yes","High","No","No"
"618","Yes","High","No","No"
"619","No","High","No","Yes"
"620","Yes","Low","Yes","No"
"621","Yes","Low","No","Yes"
"622","Yes","High","No","Yes"
"623","No","High","No","No"
"624","Yes","Low","Yes","Yes"
"625","Yes","Low","Yes","Yes"
"626","Yes","Low","No","Yes"
"627","No","Low","No","No"
"628","Yes","High","No","Yes"
"629","No","Low","No","No"
"630","No","High","Yes","No"
"631","Yes","High","Yes","No"
"632","Yes","Low","Yes","No"
"633","Yes","High","No","No"
"634","Yes","High","No","Yes"
"635","No","Low","Yes","Yes"
"636","Yes","Low","No","Yes"
"637","Yes","High","No","No"
"638","Yes","Low","No","No"
"639","Yes","Low","Yes","No"
"640","No","Low","No","Yes"
"641","Yes","Low","Yes","Yes"
"642","Yes","Low","Yes","No"
"643","No","Low","No","Yes"
"644","No","High","Yes","No"
"645","Yes","High","Yes","Yes"
"646","No","High","Yes","No"
"647","Yes","High","Yes","No"
"648","Yes","Low","Yes","Yes"
"649","Yes","High","No","Yes"
"650","No","Low","Yes","No"
"651","No","Low","Yes","No"
"652","No","High","No","Yes"
"653","No","Low","Yes","No"
"654","No","Low","Yes","Yes"
"655","Yes","Low","No","Yes"
"656","Yes","Low","No","No"
"657","Yes","High","Yes","No"
"658","Yes","Low","No","No"
"659","Yes","High","Yes","No"
"660","Yes","High","Yes","Yes"
"661","Yes","Low","Yes","Yes"
"662","Yes","High","Yes","Yes"
"663","Yes","Low","Yes","Yes"
"664","No","High","Yes","No"
"665","No","Low","Yes","No"
"666","No","High","No","Yes"
"667","Yes","Low","No","No"
"668","Yes","Low","Yes","No"
"669","No","High","No","No"
"670","Yes","High","No","No"
"671","Yes","Low","No","Yes"
"672","Yes","High","No","No"
"673","Yes","Low","Yes","No"
"674","No","High","No","No"
"675","Yes","High","No","Yes"
"676","Yes","High","No","No"
"677","Yes","High","No","No"
"678","Yes","Low","No","No"
"679","No","High","Yes","No"
"680","No","Low","No","Yes"
"681","Yes","High","Yes","No"
"682","Yes","High","No","Yes"
"683","Yes","High","Yes","No"
"684","No","High","Yes","Yes"
"685","No","Low","Yes","No"
"686","Yes","Low","No","Yes"
"687","Yes","High","Yes","No"
"688","No","Low","No","No"
"689","No","Low","No","No"
"690","No","Low","No","No"
"691","Yes","High","No","No"
"692","Yes","High","No","Yes"
"693","Yes","High","Yes","No"
"694","Yes","High","Yes","No"
"695","Yes","Low","No","No"
"696","Yes","Low","Yes","No"
"697","Yes","Low","No","Yes"
"698","Yes","Low","No","Yes"
"699","No","High","Yes","Yes"
"700","Yes","Low","Yes","Yes"
"701","Yes","High","Yes","Yes"
"702","Yes","High","Yes","No"
"703","Yes","Low","Yes","Yes"
"704","Yes","Low","Yes","No"
"705","Yes","High","Yes","No"
"706","Yes","Low","No","Yes"
"707","Yes","High","No","Yes"
"708","Yes","High","Yes","Yes"
"709","Yes","Low","No","Yes"
"710","No","High","Yes","No"
"711","Yes","High","No","Yes"
"712","No","Low","No","Yes"
"713","Yes","High","Yes","Yes"
"714","Yes","High","No","Yes"
"715","Yes","Low","Yes","Yes"
"716","Yes","Low","Yes","No"
"717","Yes","Low","No","Yes"
"718","No","High","Yes","No"
"719","Yes","High","No","No"
"720","Yes","Low","No","Yes"
"721","Yes","Low","No","Yes"
"722","No","High","Yes","Yes"
"723","Yes","Low","Yes","No"
"724","Yes","Low","No","Yes"
"725","No","Low","No","No"
"726","No","Low","No","Yes"
"727","Yes","High","Yes","No"
"728","Yes","Low","No","Yes"
"729","Yes","High","No","No"
"730","Yes","Low","No","Yes"
"731","Yes","High","No","No"
"732","Yes","High","Yes","No"
"733","Yes","Low","No","Yes"
"734","No","High","No","Yes"
"735","Yes","Low","No","No"
"736","Yes","High","No","Yes"
"737","No","High","No","Yes"
"738","Yes","High","No","No"
"739","Yes","High","No","Yes"
"740","No","High","Yes","Yes"
"741","No","Low","Yes","Yes"
"742","Yes","Low","No","No"
"743","No","High","No","No"
"744","Yes","High","Yes","No"
"745","Yes","High","Yes","No"
"746","No","High","No","No"
"747","Yes","High","Yes","No"
"748","Yes","High","No","Yes"
"749","Yes","High","Yes","No"
"750","Yes","High","No","No"
"751","No","Low","Yes","Yes"
"752","Yes","High","Yes","Yes"
"753","Yes","High","Yes","No"
"754","No","High","No","Yes"
"755","Yes","Low","No","No"
"756","Yes","Low","No","Yes"
"757","Yes","High","No","Yes"
"758","Yes","Low","No","No"
"759","Yes","High","Yes","Yes"
"760","Yes","High","No","No"
"761","Yes","Low","No","No"
"762","Yes","High","Yes","No"
"763","No","Low","No","No"
"764","Yes","Low","No","Yes"
"765","Yes","Low","No","Yes"
"766","No","High","No","No"
"767","Yes","Low","No","Yes"
"768","Yes","High","Yes","Yes"
"769","No","Low","Yes","Yes"
"770","Yes","Low","Yes","Yes"
"771","Yes","Low","Yes","No"
"772","No","Low","No","No"
"773","Yes","High","No","Yes"
"774","Yes","Low","No","No"
"775","Yes","High","No","No"
"776","Yes","High","No","No"
"777","Yes","High","No","No"
"778","Yes","High","No","Yes"
"779","Yes","High","Yes","Yes"
"780","Yes","High","No","Yes"
"781","No","High","No","No"
"782","Yes","High","No","Yes"
"783","Yes","High","Yes","Yes"
"784","No","Low","Yes","Yes"
"785","No","Low","No","No"
"786","No","Low","No","Yes"
"787","Yes","High","No","No"
"788","No","High","Yes","Yes"
"789","Yes","High","Yes","Yes"
"790","Yes","High","Yes","No"
"791","Yes","High","No","No"
"792","Yes","High","Yes","Yes"
"793","Yes","High","Yes","Yes"
"794","No","High","Yes","Yes"
"795","Yes","High","Yes","Yes"
"796","Yes","High","Yes","No"
"797","Yes","Low","No","Yes"
"798","Yes","High","No","No"
"799","Yes","High","No","No"
"800","No","Low","No","Yes"
"801","Yes","High","No","No"
"802","No","High","Yes","Yes"
"803","No","High","Yes","No"
"804","Yes","High","No","Yes"
"805","Yes","High","No","Yes"
"806","Yes","Low","Yes","Yes"
"807","Yes","Low","No","Yes"
"808","Yes","High","No","No"
"809","No","Low","No","Yes"
"810","Yes","High","Yes","Yes"
"811","No","High","Yes","No"
"812","Yes","Low","Yes","No"
"813","Yes","Low","No","No"
"814","Yes","High","No","No"
"815","No","High","Yes","Yes"
"816","Yes","Low","Yes","Yes"
"817","Yes","High","No","No"
"818","No","Low","No","No"
"819","Yes","High","Yes","No"
"820","Yes","High","No","Yes"
"821","No","Low","Yes","Yes"
"822","Yes","High","No","No"
"823","Yes","Low","Yes","Yes"
"824","Yes","Low","Yes","Yes"
"825","Yes","High","Yes","Yes"
"826","No","Low","No","Yes"
"827","Yes","High","Yes","No"
"828","Yes","High","No","Yes"
"829","Yes","High","No","No"
"830","Yes","High","Yes","No"
"831","Yes","High","Yes","Yes"
"832","Yes","High","Yes","No"
"833","Yes","High","No","No"
"834","Yes","Low","No","Yes"
"835","Yes","High","No","Yes"
"836","No","High","No","No"
"837","Yes","High","No","Yes"
"838","Yes","High","Yes","No"
"839","No","Low","Yes","Yes"
"840","Yes","Low","No","No"
"841","Yes","High","No","No"
"842","Yes","High","Yes","Yes"
"843","Yes","High","Yes","No"
"844","No","Low","No","Yes"
"845","Yes","Low","No","Yes"
"846","No","Low","No","No"
"847","Yes","Low","Yes","Yes"
"848","Yes","High","No","Yes"
"849","No","Low","Yes","No"
"850","No","Low","Yes","No"
"851","Yes","Low","Yes","Yes"
"852","Yes","High","Yes","No"
"853","Yes","High","Yes","No"
"854","Yes","Low","Yes","Yes"
"855","No","High","Yes","Yes"
"856","No","Low","Yes","No"
"857","Yes","Low","No","No"
"858","Yes","Low","Yes","No"
"859","No","High","No","No"
"860","Yes","Low","No","No"
"861","No","Low","Yes","Yes"
"862","No","High","Yes","No"
"863","Yes","High","Yes","No"
"864","Yes","High","Yes","Yes"
"865","Yes","Low","Yes","No"
"866","Yes","Low","No","Yes"
"867","No","High","Yes","No"
"868","No","High","Yes","Yes"
"869","No","Low","No","Yes"
"870","Yes","High","No","Yes"
"871","Yes","High","Yes","Yes"
"872","Yes","High","No","Yes"
"873","No","Low","No","No"
"874","No","Low","No","No"
"875","No","Low","No","No"
"876","Yes","Low","No","No"
"877","Yes","High","Yes","Yes"
"878","Yes","Low","Yes","No"
"879","Yes","High","No","No"
"880","Yes","High","No","No"
"881","No","Low","Yes","No"
"882","Yes","High","No","Yes"
"883","No","Low","No","No"
"884","Yes","Low","No","No"
"885","Yes","Low","No","No"
"886","Yes","Low","No","Yes"
"887","No","Low","No","Yes"
"888","Yes","High","No","No"
"889","No","Low","Yes","No"
"890","Yes","Low","No","Yes"
"891","Yes","Low","No","No"
"892","No","Low","No","No"
"893","Yes","Low","Yes","No"
"894","Yes","High","Yes","Yes"
"895","No","Low","Yes","No"
"896","No","Low","Yes","Yes"
"897","Yes","High","Yes","No"
"898","Yes","High","No","No"
"899","No","High","Yes","No"
"900","Yes","High","Yes","Yes"
"901","Yes","Low","Yes","No"
"902","Yes","High","No","No"
"903","Yes","Low","Yes","No"
"904","Yes","Low","No","No"
"905","Yes","High","No","No"
"906","Yes","High","Yes","Yes"
"907","Yes","Low","Yes","Yes"
"908","No","High","No","Yes"
"909","Yes","Low","Yes","Yes"
"910","No","Low","No","Yes"
"911","No","Low","Yes","No"
"912","No","High","No","No"
"913","Yes","High","No","No"
"914","Yes","Low","No","Yes"
"915","Yes","High","Yes","No"
"916","Yes","High","No","Yes"
"917","Yes","Low","Yes","Yes"
"918","Yes","Low","No","No"
"919","Yes","High","No","No"
"920","Yes","High","Yes","Yes"
"921","Yes","High","No","No"
"922","Yes","High","No","No"
"923","Yes","High","Yes","Yes"
"924","Yes","High","Yes","Yes"
"925","No","High","No","Yes"
"926","Yes","High","No","No"
"927","Yes","High","Yes","Yes"
"928","Yes","High","No","No"
"929","No","High","Yes","No"
"930","Yes","Low","No","No"
"931","No","High","Yes","No"
"932","Yes","Low","Yes","Yes"
"933","Yes","Low","Yes","No"
"934","No","High","Yes","Yes"
"935","Yes","Low","Yes","Yes"
"936","No","Low","Yes","Yes"
"937","Yes","High","Yes","Yes"
"938","No","High","Yes","No"
"939","Yes","Low","No","No"
"940","Yes","High","No","No"
"941","No","High","No","Yes"
"942","Yes","High","Yes","No"
"943","No","Low","No","Yes"
"944","No","High","No","Yes"
"945","No","High","No","Yes"
"946","Yes","Low","Yes","Yes"
"947","Yes","Low","No","No"
"948","Yes","High","Yes","Yes"
"949","Yes","Low","No","Yes"
"950","No","Low","Yes","Yes"
"951","Yes","High","No","Yes"
"952","Yes","Low","No","No"
"953","Yes","High","Yes","Yes"
"954","Yes","High","No","Yes"
"955","Yes","High","Yes","No"
"956","Yes","High","No","Yes"
"957","No","High","No","Yes"
"958","Yes","High","Yes","Yes"
"959","No","Low","No","No"
"960","Yes","High","No","No"
"961","Yes","Low","Yes","No"
"962","Yes","Low","No","No"
"963","Yes","Low","Yes","Yes"
"964","No","Low","Yes","No"
"965","Yes","High","No","No"
"966","No","Low","Yes","No"
"967","Yes","Low","No","Yes"
"968","Yes","High","Yes","Yes"
"969","Yes","Low","Yes","Yes"
"970","Yes","High","Yes","Yes"
"971","Yes","High","Yes","No"
"972","No","Low","No","Yes"
"973","No","High","Yes","No"
"974","No","High","Yes","No"
"975","No","Low","No","No"
"976","Yes","Low","Yes","No"
"977","No","Low","Yes","No"
"978","Yes","Low","No","No"
"979","Yes","High","No","No"
"980","Yes","High","No","No"
"981","Yes","Low","Yes","Yes"
"982","Yes","High","No","No"
"983","No","Low","No","Yes"
"984","No","High","No","Yes"
"985","Yes","High","Yes","No"
"986","No","Low","No","Yes"
"987","No","Low","No","No"
"988","Yes","Low","Yes","Yes"
"989","Yes","Low","Yes","No"
"990","Yes","High","No","Yes"
"991","No","High","No","Yes"
"992","No","High","No","No"
"993","Yes","Low","No","Yes"
"994","Yes","Low","Yes","No"
"995","Yes","Low","No","No"
"996","Yes","Low","No","No"
"997","Yes","High","Yes","No"
"998","No","High","No","No"
"999","Yes","Low","Yes","Yes"
"1000","No","Low","Yes","No"
"1001","No","Low","Yes","Yes"
"1002","Yes","High","Yes","Yes"
"1003","Yes","High","Yes","No"
"1004","Yes","High","Yes","Yes"
"1005","Yes","High","Yes","Yes"
"1006","No","High","Yes","Yes"
"1007","Yes","Low","Yes","Yes"
"1008","No","Low","Yes","Yes"
"1009","Yes","High","Yes","Yes"
"1010","Yes","High","Yes","Yes"
"1011","Yes","High","No","No"
"1012","Yes","High","Yes","Yes"
"1013","Yes","High","Yes","Yes"
"1014","No","High","Yes","Yes"
"1015","Yes","High","Yes","Yes"
"1016","Yes","High","No","Yes"
"1017","Yes","Low","Yes","No"
"1018","Yes","High","Yes","Yes"
"1019","Yes","High","No","Yes"
"1020","Yes","High","No","Yes"
"1021","Yes","Low","Yes","Yes"
"1022","Yes","High","Yes","Yes"
"1023","Yes","High","Yes","Yes"
"1024","Yes","High","Yes","Yes"
"1025","Yes","High","Yes","No"
"1026","Yes","High","Yes","No"
"1027","Yes","High","No","Yes"
"1028","Yes","High","Yes","Yes"
"1029","Yes","High","Yes","Yes"
"1030","Yes","High","Yes","Yes"
"1031","Yes","High","No","Yes"
"1032","Yes","High","No","No"
"1033","No","Low","Yes","Yes"
"1034","Yes","High","Yes","Yes"
"1035","No","Low","Yes","Yes"
"1036","Yes","Low","Yes","Yes"
"1037","Yes","High","No","Yes"
"1038","Yes","High","Yes","Yes"
"1039","Yes","High","Yes","Yes"
"1040","No","High","Yes","Yes"
"1041","Yes","High","Yes","Yes"
"1042","No","Low","Yes","No"
"1043","No","Low","Yes","No"
"1044","Yes","High","No","No"
"1045","Yes","High","Yes","Yes"
"1046","No","Low","Yes","Yes"
"1047","Yes","High","Yes","Yes"
"1048","Yes","High","Yes","No"
"1049","Yes","High","Yes","Yes"
"1050","No","High","Yes","Yes"
"1051","Yes","High","Yes","Yes"
"1052","No","High","Yes","Yes"
"1053","Yes","High","Yes","Yes"
"1054","Yes","High","No","Yes"
"1055","No","Low","Yes","Yes"
"1056","Yes","High","Yes","No"
"1057","Yes","Low","No","Yes"
"1058","Yes","High","Yes","Yes"
"1059","Yes","High","No","Yes"
"1060","Yes","High","Yes","Yes"
"1061","Yes","High","Yes","Yes"
"1062","No","Low","Yes","Yes"
"1063","No","Low","Yes","Yes"
"1064","No","Low","Yes","Yes"
"1065","No","High","Yes","No"
"1066","Yes","High","No","Yes"
"1067","Yes","High","Yes","Yes"
"1068","No","Low","Yes","Yes"
"1069","Yes","Low","No","No"
"1070","Yes","High","Yes","Yes"
"1071","Yes","High","No","No"
"1072","Yes","High","Yes","Yes"
"1073","No","Low","Yes","Yes"
"1074","Yes","Low","No","No"
"1075","No","Low","Yes","Yes"
"1076","Yes","High","Yes","Yes"
"1077","Yes","High","Yes","Yes"
"1078","No","Low","Yes","Yes"
"1079","No","Low","Yes","Yes"
"1080","Yes","High","Yes","Yes"
"1081","Yes","Low","Yes","No"
"1082","Yes","High","No","Yes"
"1083","Yes","Low","Yes","Yes"
"1084","Yes","High","Yes","No"
"1085","No","Low","Yes","Yes"
"1086","Yes","High","No","Yes"
"1087","No","Low","Yes","Yes"
"1088","Yes","High","No","Yes"
"1089","Yes","Low","No","Yes"
"1090","No","High","Yes","Yes"
"1091","No","Low","Yes","No"
"1092","Yes","High","Yes","Yes"
"1093","Yes","High","No","No"
"1094","No","Low","Yes","No"
"1095","No","Low","No","No"
"1096","No","Low","Yes","No"
"1097","Yes","High","Yes","Yes"
"1098","Yes","Low","Yes","Yes"
"1099","Yes","High","No","No"
"1100","Yes","Low","No","Yes"
"1101","Yes","High","Yes","Yes"
"1102","Yes","High","Yes","No"
"1103","No","Low","Yes","Yes"
"1104","Yes","High","Yes","Yes"
"1105","No","High","Yes","No"
"1106","Yes","High","Yes","Yes"
"1107","No","High","Yes","No"
"1108","Yes","High","Yes","Yes"
"1109","Yes","High","Yes","Yes"
"1110","Yes","High","No","Yes"
"1111","Yes","High","Yes","No"
"1112","Yes","High","No","Yes"
"1113","Yes","High","No","Yes"
"1114","No","High","Yes","No"
"1115","No","Low","Yes","Yes"
"1116","Yes","Low","Yes","No"
"1117","No","Low","Yes","Yes"
"1118","Yes","High","Yes","Yes"
"1119","Yes","High","Yes","Yes"
"1120","Yes","High","Yes","Yes"
"1121","Yes","High","No","Yes"
"1122","No","High","Yes","No"
"1123","Yes","Low","No","Yes"
"1124","Yes","Low","Yes","Yes"
"1125","No","High","Yes","No"
"1126","Yes","High","No","Yes"
"1127","Yes","High","Yes","Yes"
"1128","No","Low","Yes","Yes"
"1129","Yes","High","Yes","Yes"
"1130","Yes","High","No","Yes"
"1131","No","Low","Yes","Yes"
"1132","Yes","High","Yes","Yes"
"1133","Yes","High","Yes","Yes"
"1134","Yes","Low","Yes","Yes"
"1135","Yes","High","No","Yes"
"1136","No","Low","Yes","Yes"
"1137","Yes","High","Yes","Yes"
"1138","Yes","High","Yes","Yes"
"1139","Yes","High","Yes","Yes"
"1140","No","Low","Yes","Yes"
"1141","Yes","High","No","Yes"
"1142","Yes","High","Yes","Yes"
"1143","Yes","High","Yes","Yes"
"1144","Yes","High","No","No"
"1145","Yes","High","Yes","Yes"
"1146","Yes","High","No","No"
"1147","No","High","Yes","No"
"1148","Yes","High","No","Yes"
"1149","Yes","High","Yes","Yes"
"1150","No","High","Yes","Yes"
"1151","Yes","High","No","Yes"
"1152","Yes","High","Yes","Yes"
"1153","Yes","Low","No","Yes"
"1154","Yes","High","Yes","Yes"
"1155","Yes","High","No","Yes"
"1156","Yes","High","No","No"
"1157","Yes","High","No","Yes"
"1158","Yes","High","Yes","Yes"
"1159","No","Low","No","No"
"1160","Yes","High","No","Yes"
"1161","Yes","High","Yes","Yes"
"1162","Yes","Low","Yes","Yes"
"1163","Yes","High","Yes","Yes"
"1164","No","Low","No","No"
"1165","Yes","High","No","Yes"
"1166","Yes","High","Yes","Yes"
"1167","Yes","Low","Yes","Yes"
"1168","Yes","Low","Yes","Yes"
"1169","Yes","High","Yes","Yes"
"1170","No","High","Yes","Yes"
"1171","Yes","High","No","Yes"
"1172","Yes","High","Yes","Yes"
"1173","Yes","High","Yes","Yes"
"1174","Yes","High","No","Yes"
"1175","Yes","High","Yes","Yes"
"1176","Yes","High","Yes","Yes"
"1177","Yes","High","No","Yes"
"1178","No","Low","Yes","Yes"
"1179","Yes","High","Yes","Yes"
"1180","No","Low","No","Yes"
"1181","Yes","High","No","Yes"
"1182","Yes","Low","Yes","Yes"
"1183","Yes","High","No","Yes"
"1184","Yes","High","Yes","Yes"
"1185","Yes","High","Yes","No"
"1186","Yes","High","Yes","Yes"
"1187","Yes","Low","No","No"
"1188","Yes","High","No","Yes"
"1189","Yes","High","No","Yes"
"1190","Yes","Low","Yes","Yes"
"1191","Yes","High","Yes","Yes"
"1192","Yes","High","Yes","Yes"
"1193","Yes","High","Yes","Yes"
"1194","Yes","High","Yes","Yes"
"1195","Yes","High","Yes","Yes"
"1196","Yes","High","Yes","Yes"
"1197","Yes","High","Yes","Yes"
"1198","Yes","High","Yes","Yes"
"1199","Yes","High","Yes","Yes"
"1200","Yes","High","Yes","Yes"
"1201","Yes","High","No","No"
"1202","Yes","Low","No","Yes"
"1203","Yes","High","Yes","Yes"
"1204","Yes","High","Yes","No"
"1205","No","Low","Yes","Yes"
"1206","Yes","High","Yes","No"
"1207","Yes","High","No","Yes"
"1208","No","Low","Yes","Yes"
"1209","Yes","High","Yes","Yes"
"1210","Yes","High","No","No"
"1211","Yes","High","Yes","Yes"
"1212","No","Low","Yes","No"
"1213","Yes","High","Yes","Yes"
"1214","No","Low","Yes","No"
"1215","No","Low","Yes","Yes"
"1216","Yes","High","No","Yes"
"1217","Yes","High","Yes","Yes"
"1218","Yes","High","Yes","Yes"
"1219","Yes","High","Yes","No"
"1220","Yes","High","No","No"
"1221","Yes","Low","Yes","Yes"
"1222","No","High","Yes","Yes"
"1223","No","Low","Yes","No"
"1224","Yes","High","Yes","Yes"
"1225","Yes","High","Yes","No"
"1226","Yes","High","No","No"
"1227","Yes","Low","No","Yes"
"1228","Yes","High","Yes","Yes"
"1229","Yes","High","No","Yes"
"1230","Yes","High","Yes","Yes"
"1231","Yes","High","No","Yes"
"1232","No","High","Yes","Yes"
"1233","No","Low","Yes","Yes"
"1234","Yes","Low","Yes","Yes"
"1235","No","Low","Yes","No"
"1236","No","High","Yes","Yes"
"1237","No","High","Yes","Yes"
"1238","Yes","High","Yes","Yes"
"1239","No","High","Yes","Yes"
"1240","Yes","High","No","No"
"1241","Yes","High","Yes","Yes"
"1242","Yes","Low","Yes","No"
"1243","No","Low","Yes","No"
"1244","Yes","High","Yes","Yes"
"1245","No","High","No","No"
"1246","Yes","High","No","Yes"
"1247","Yes","High","Yes","Yes"
"1248","No","Low","Yes","Yes"
"1249","Yes","Low","No","Yes"
"1250","Yes","High","Yes","Yes"
"1251","Yes","High","No","Yes"
"1252","No","Low","No","Yes"
"1253","No","Low","Yes","No"
"1254","No","Low","Yes","Yes"
"1255","Yes","Low","Yes","No"
"1256","Yes","High","Yes","Yes"
"1257","Yes","High","Yes","Yes"
"1258","No","Low","Yes","No"
"1259","No","Low","Yes","Yes"
"1260","Yes","High","Yes","Yes"
"1261","Yes","High","No","Yes"
"1262","Yes","High","No","No"
"1263","Yes","High","No","Yes"
"1264","No","Low","No","Yes"
"1265","Yes","High","Yes","Yes"
"1266","No","High","No","Yes"
"1267","Yes","High","Yes","Yes"
"1268","Yes","High","No","No"
"1269","Yes","High","No","Yes"
"1270","Yes","High","Yes","No"
"1271","Yes","Low","No","Yes"
"1272","Yes","High","Yes","Yes"
"1273","Yes","High","Yes","Yes"
"1274","No","Low","Yes","No"
"1275","Yes","High","Yes","Yes"
"1276","Yes","High","No","Yes"
"1277","Yes","High","No","No"
"1278","Yes","High","Yes","Yes"
"1279","No","High","Yes","Yes"
"1280","Yes","High","No","Yes"
"1281","Yes","High","Yes","Yes"
"1282","Yes","High","Yes","Yes"
"1283","Yes","High","Yes","No"
"1284","Yes","Low","Yes","Yes"
"1285","Yes","High","Yes","Yes"
"1286","Yes","High","No","Yes"
"1287","No","Low","Yes","Yes"
"1288","Yes","High","Yes","Yes"
"1289","Yes","High","Yes","Yes"
"1290","No","Low","Yes","Yes"
"1291","No","Low","No","No"
"1292","No","High","Yes","Yes"
"1293","No","High","No","No"
"1294","Yes","High","Yes","Yes"
"1295","Yes","High","Yes","Yes"
"1296","Yes","High","No","Yes"
"1297","Yes","Low","Yes","Yes"
"1298","Yes","High","Yes","Yes"
"1299","No","Low","Yes","No"
"1300","Yes","High","Yes","Yes"
"1301","Yes","Low","Yes","Yes"
"1302","Yes","High","No","No"
"1303","Yes","Low","No","Yes"
"1304","No","Low","Yes","Yes"
"1305","Yes","High","Yes","Yes"
"1306","Yes","Low","No","Yes"
"1307","Yes","High","Yes","Yes"
"1308","Yes","High","Yes","Yes"
"1309","Yes","High","Yes","No"
"1310","Yes","High","Yes","Yes"
"1311","Yes","High","No","Yes"
"1312","Yes","High","Yes","Yes"
"1313","Yes","High","Yes","Yes"
"1314","Yes","High","Yes","Yes"
"1315","No","Low","Yes","No"
"1316","No","High","No","No"
"1317","No","Low","Yes","Yes"
"1318","Yes","Low","No","Yes"
"1319","Yes","High","Yes","Yes"
"1320","Yes","Low","No","Yes"
"1321","Yes","High","Yes","No"
"1322","No","Low","Yes","Yes"
"1323","Yes","High","No","Yes"
"1324","Yes","High","Yes","Yes"
"1325","Yes","Low","Yes","Yes"
"1326","Yes","High","Yes","Yes"
"1327","Yes","High","No","No"
"1328","Yes","High","Yes","Yes"
"1329","Yes","High","No","Yes"
"1330","No","Low","Yes","Yes"
"1331","Yes","High","Yes","Yes"
"1332","Yes","High","Yes","Yes"
"1333","Yes","High","No","No"
"1334","Yes","Low","Yes","Yes"
"1335","Yes","Low","Yes","Yes"
"1336","Yes","High","Yes","Yes"
"1337","No","Low","Yes","No"
"1338","Yes","High","Yes","Yes"
"1339","No","Low","Yes","Yes"
"1340","Yes","High","Yes","Yes"
"1341","Yes","High","Yes","Yes"
"1342","Yes","Low","Yes","No"
"1343","Yes","High","Yes","No"
"1344","Yes","High","No","Yes"
"1345","Yes","High","Yes","Yes"
"1346","Yes","High","Yes","Yes"
"1347","Yes","Low","No","Yes"
"1348","Yes","High","Yes","Yes"
"1349","Yes","High","Yes","Yes"
"1350","Yes","Low","Yes","Yes"
"1351","Yes","High","Yes","Yes"
"1352","Yes","High","Yes","Yes"
"1353","Yes","High","Yes","Yes"
"1354","Yes","High","No","No"
"1355","Yes","High","Yes","Yes"
"1356","Yes","Low","Yes","Yes"
"1357","Yes","High","Yes","Yes"
"1358","No","Low","Yes","No"
"1359","Yes","High","Yes","Yes"
"1360","No","Low","No","Yes"
"1361","Yes","Low","No","Yes"
"1362","Yes","High","No","Yes"
"1363","Yes","Low","Yes","Yes"
"1364","No","Low","Yes","No"
"1365","Yes","Low","Yes","Yes"
"1366","Yes","High","No","Yes"
"1367","Yes","High","No","Yes"
"1368","No","High","Yes","Yes"
"1369","Yes","Low","Yes","Yes"
"1370","Yes","High","Yes","Yes"
"1371","Yes","High","Yes","Yes"
"1372","No","High","Yes","Yes"
"1373","No","Low","Yes","Yes"
"1374","Yes","High","Yes","Yes"
"1375","Yes","High","No","No"
"1376","Yes","High","No","No"
"1377","Yes","Low","Yes","Yes"
"1378","Yes","High","No","Yes"
"1379","No","Low","Yes","Yes"
"1380","Yes","High","No","Yes"
"1381","No","High","Yes","Yes"
"1382","Yes","High","Yes","No"
"1383","No","Low","Yes","No"
"1384","Yes","High","Yes","Yes"
"1385","Yes","High","Yes","Yes"
"1386","Yes","High","No","Yes"
"1387","No","High","Yes","Yes"
"1388","No","Low","Yes","Yes"
"1389","Yes","High","No","No"
"1390","Yes","Low","Yes","Yes"
"1391","Yes","High","Yes","Yes"
"1392","Yes","Low","Yes","Yes"
"1393","Yes","Low","No","No"
"1394","No","Low","No","Yes"
"1395","No","High","Yes","Yes"
"1396","No","High","Yes","Yes"
"1397","No","High","Yes","Yes"
"1398","Yes","High","Yes","Yes"
"1399","No","Low","Yes","Yes"
"1400","No","High","Yes","No"
"1401","Yes","Low","Yes","Yes"
"1402","Yes","High","Yes","Yes"
"1403","Yes","High","Yes","Yes"
"1404","Yes","High","Yes","Yes"
"1405","Yes","High","No","Yes"
"1406","Yes","High","Yes","Yes"
"1407","No","Low","Yes","No"
"1408","No","Low","No","No"
"1409","Yes","Low","No","Yes"
"1410","Yes","High","Yes","Yes"
"1411","No","Low","Yes","Yes"
"1412","Yes","High","No","Yes"
"1413","No","Low","Yes","No"
"1414","Yes","Low","No","No"
"1415","Yes","Low","Yes","Yes"
"1416","Yes","Low","Yes","Yes"
"1417","Yes","High","Yes","Yes"
"1418","Yes","High","No","Yes"
"1419","Yes","High","No","Yes"
"1420","Yes","High","Yes","Yes"
"1421","No","Low","No","Yes"
"1422","No","Low","Yes","No"
"1423","Yes","High","Yes","Yes"
"1424","Yes","Low","Yes","No"
"1425","No","Low","No","No"
"1426","No","Low","Yes","No"
"1427","Yes","High","No","Yes"
"1428","Yes","High","Yes","Yes"
"1429","No","High","Yes","Yes"
"1430","Yes","Low","Yes","Yes"
"1431","Yes","High","Yes","Yes"
"1432","Yes","High","Yes","Yes"
"1433","Yes","High","No","Yes"
"1434","No","Low","No","No"
"1435","Yes","Low","Yes","No"
"1436","No","Low","Yes","Yes"
"1437","Yes","High","No","Yes"
"1438","No","Low","Yes","Yes"
"1439","Yes","High","No","Yes"
"1440","No","Low","Yes","Yes"
"1441","Yes","High","Yes","Yes"
"1442","Yes","High","Yes","No"
"1443","No","Low","Yes","Yes"
"1444","No","High","Yes","No"
"1445","Yes","High","Yes","Yes"
"1446","Yes","High","No","No"
"1447","Yes","High","Yes","Yes"
"1448","Yes","High","Yes","Yes"
"1449","Yes","High","No","No"
"1450","No","Low","Yes","Yes"
"1451","No","Low","Yes","Yes"
"1452","Yes","High","Yes","Yes"
"1453","No","Low","Yes","Yes"
"1454","Yes","High","Yes","Yes"
"1455","Yes","High","No","Yes"
"1456","Yes","Low","Yes","Yes"
"1457","Yes","High","Yes","Yes"
"1458","Yes","High","Yes","Yes"
"1459","Yes","Low","Yes","Yes"
"1460","Yes","Low","Yes","Yes"
"1461","Yes","High","Yes","Yes"
"1462","Yes","Low","Yes","Yes"
"1463","No","Low","Yes","Yes"
"1464","No","Low","Yes","Yes"
"1465","No","Low","Yes","No"
"1466","Yes","Low","Yes","Yes"
"1467","Yes","High","Yes","Yes"
"1468","No","Low","Yes","No"
"1469","Yes","Low","Yes","Yes"
"1470","Yes","High","No","No"
"1471","Yes","Low","Yes","Yes"
"1472","No","High","Yes","Yes"
"1473","Yes","High","No","Yes"
"1474","Yes","High","No","No"
"1475","No","High","Yes","No"
"1476","Yes","High","Yes","Yes"
"1477","Yes","High","Yes","Yes"
"1478","Yes","High","Yes","Yes"
"1479","Yes","High","Yes","Yes"
"1480","Yes","High","Yes","Yes"
"1481","No","Low","Yes","Yes"
"1482","Yes","Low","Yes","Yes"
"1483","Yes","High","Yes","Yes"
"1484","No","High","Yes","No"
"1485","No","High","Yes","Yes"
"1486","Yes","Low","Yes","Yes"
"1487","No","Low","Yes","Yes"
"1488","Yes","High","No","No"
"1489","No","Low","Yes","Yes"
"1490","No","Low","Yes","Yes"
"1491","Yes","High","Yes","Yes"
"1492","Yes","High","Yes","Yes"
"1493","Yes","High","Yes","Yes"
"1494","Yes","High","Yes","Yes"
"1495","No","Low","No","No"
"1496","Yes","Low","Yes","Yes"
"1497","Yes","Low","Yes","Yes"
"1498","No","Low","Yes","Yes"
"1499","Yes","High","Yes","Yes"
"1500","No","Low","Yes","No"
"1501","No","Low","Yes","Yes"
"1502","No","High","Yes","Yes"
"1503","No","High","Yes","No"
"1504","Yes","Low","Yes","Yes"
"1505","Yes","High","Yes","Yes"
"1506","Yes","High","Yes","Yes"
"1507","Yes","Low","Yes","Yes"
"1508","No","Low","Yes","Yes"
"1509","Yes","High","Yes","Yes"
"1510","Yes","High","Yes","Yes"
"1511","Yes","High","Yes","Yes"
"1512","Yes","High","Yes","Yes"
"1513","Yes","High","No","Yes"
"1514","No","Low","No","Yes"
"1515","No","High","No","Yes"
"1516","Yes","High","Yes","Yes"
"1517","No","Low","Yes","Yes"
"1518","Yes","High","Yes","Yes"
"1519","Yes","Low","Yes","Yes"
"1520","Yes","High","Yes","Yes"
"1521","No","Low","Yes","Yes"
"1522","Yes","High","No","Yes"
"1523","Yes","High","Yes","Yes"
"1524","Yes","High","Yes","Yes"
"1525","No","High","Yes","Yes"
"1526","Yes","High","Yes","No"
"1527","Yes","High","No","Yes"
"1528","Yes","Low","Yes","Yes"
"1529","Yes","High","No","Yes"
"1530","Yes","High","No","Yes"
"1531","No","High","Yes","No"
"1532","Yes","High","Yes","No"
"1533","Yes","High","Yes","Yes"
"1534","Yes","High","Yes","Yes"
"1535","Yes","High","No","Yes"
"1536","No","Low","Yes","Yes"
"1537","No","High","Yes","Yes"
"1538","Yes","High","Yes","Yes"
"1539","Yes","High","Yes","Yes"
"1540","Yes","High","Yes","Yes"
"1541","Yes","High","Yes","Yes"
"1542","Yes","Low","Yes","Yes"
"1543","Yes","Low","No","Yes"
"1544","No","High","No","Yes"
"1545","Yes","Low","Yes","No"
"1546","Yes","Low","Yes","Yes"
"1547","Yes","Low","No","Yes"
"1548","Yes","High","Yes","Yes"
"1549","Yes","High","Yes","Yes"
"1550","No","Low","Yes","Yes"
"1551","Yes","High","Yes","Yes"
"1552","No","Low","No","Yes"
"1553","No","Low","Yes","Yes"
"1554","No","High","Yes","Yes"
"1555","No","Low","Yes","Yes"
"1556","Yes","Low","Yes","Yes"
"1557","Yes","High","Yes","Yes"
"1558","No","Low","No","No"
"1559","Yes","High","No","Yes"
"1560","No","High","Yes","No"
"1561","Yes","High","Yes","Yes"
"1562","No","Low","Yes","No"
"1563","Yes","High","Yes","Yes"
"1564","Yes","Low","Yes","Yes"
"1565","Yes","High","Yes","Yes"
"1566","Yes","Low","No","No"
"1567","No","Low","No","Yes"
"1568","No","Low","No","No"
"1569","Yes","Low","No","No"
"1570","Yes","High","Yes","Yes"
"1571","Yes","High","Yes","Yes"
"1572","Yes","High","Yes","Yes"
"1573","Yes","High","Yes","Yes"
"1574","Yes","High","No","Yes"
"1575","Yes","High","Yes","Yes"
"1576","Yes","Low","Yes","Yes"
"1577","Yes","High","Yes","Yes"
"1578","Yes","High","Yes","Yes"
"1579","Yes","Low","Yes","Yes"
"1580","No","Low","Yes","Yes"
"1581","No","Low","Yes","No"
"1582","Yes","High","No","Yes"
"1583","Yes","High","Yes","Yes"
"1584","Yes","High","Yes","Yes"
"1585","Yes","High","Yes","Yes"
"1586","Yes","High","Yes","Yes"
"1587","Yes","Low","Yes","Yes"
"1588","No","High","Yes","Yes"
"1589","Yes","High","No","Yes"
"1590","Yes","High","Yes","Yes"
"1591","Yes","High","Yes","Yes"
"1592","Yes","High","Yes","Yes"
"1593","Yes","High","Yes","Yes"
"1594","Yes","High","Yes","Yes"
"1595","Yes","High","Yes","Yes"
"1596","No","Low","Yes","Yes"
"1597","Yes","Low","Yes","Yes"
"1598","No","Low","Yes","Yes"
"1599","Yes","High","Yes","Yes"
"1600","No","High","Yes","Yes"
"1601","No","Low","Yes","Yes"
"1602","Yes","High","Yes","Yes"
"1603","Yes","Low","Yes","Yes"
"1604","No","High","Yes","Yes"
"1605","Yes","Low","Yes","No"
"1606","Yes","High","Yes","Yes"
"1607","Yes","High","No","No"
"1608","No","High","Yes","Yes"
"1609","Yes","High","Yes","No"
"1610","Yes","High","No","Yes"
"1611","Yes","High","Yes","Yes"
"1612","Yes","High","Yes","Yes"
"1613","Yes","High","Yes","Yes"
"1614","Yes","High","Yes","Yes"
"1615","Yes","High","Yes","Yes"
"1616","No","High","Yes","Yes"
"1617","Yes","High","Yes","Yes"
"1618","No","Low","Yes","Yes"
"1619","Yes","High","Yes","Yes"
"1620","Yes","High","Yes","Yes"
"1621","Yes","High","Yes","Yes"
"1622","Yes","High","Yes","Yes"
"1623","Yes","High","Yes","Yes"
"1624","Yes","Low","Yes","Yes"
"1625","Yes","High","No","Yes"
"1626","Yes","Low","Yes","Yes"
"1627","Yes","Low","Yes","Yes"
"1628","Yes","High","No","Yes"
"1629","Yes","High","No","Yes"
"1630","Yes","High","No","Yes"
"1631","Yes","High","Yes","Yes"
"1632","Yes","High","Yes","Yes"
"1633","No","Low","Yes","Yes"
"1634","No","Low","Yes","Yes"
"1635","No","Low","Yes","Yes"
"1636","Yes","High","No","Yes"
"1637","Yes","High","Yes","Yes"
"1638","No","Low","Yes","Yes"
"1639","Yes","High","Yes","Yes"
"1640","Yes","High","No","No"
"1641","Yes","Low","Yes","Yes"
"1642","Yes","High","No","Yes"
"1643","No","High","Yes","No"
"1644","Yes","High","No","Yes"
"1645","No","High","Yes","Yes"
"1646","Yes","High","Yes","Yes"
"1647","Yes","High","Yes","Yes"
"1648","Yes","High","Yes","Yes"
"1649","Yes","Low","Yes","Yes"
"1650","No","High","Yes","No"
"1651","No","Low","Yes","Yes"
"1652","No","High","Yes","No"
"1653","Yes","High","Yes","Yes"
"1654","Yes","Low","No","Yes"
"1655","No","Low","Yes","Yes"
"1656","No","Low","Yes","Yes"
"1657","Yes","High","No","Yes"
"1658","No","Low","No","No"
"1659","Yes","High","Yes","Yes"
"1660","Yes","High","No","No"
"1661","Yes","High","Yes","Yes"
"1662","Yes","Low","Yes","No"
"1663","Yes","High","Yes","No"
"1664","No","High","Yes","Yes"
"1665","Yes","High","No","Yes"
"1666","Yes","High","Yes","Yes"
"1667","Yes","High","Yes","Yes"
"1668","Yes","High","Yes","Yes"
"1669","No","High","Yes","Yes"
"1670","Yes","High","Yes","Yes"
"1671","Yes","High","Yes","No"
"1672","No","Low","Yes","Yes"
"1673","Yes","High","Yes","Yes"
"1674","Yes","High","Yes","Yes"
"1675","Yes","High","Yes","Yes"
"1676","Yes","High","Yes","Yes"
"1677","Yes","Low","No","No"
"1678","Yes","High","Yes","Yes"
"1679","Yes","High","Yes","Yes"
"1680","Yes","High","Yes","Yes"
"1681","Yes","High","Yes","No"
"1682","No","Low","Yes","Yes"
"1683","Yes","High","Yes","Yes"
"1684","Yes","Low","Yes","No"
"1685","Yes","Low","No","No"
"1686","Yes","High","No","No"
"1687","Yes","High","Yes","Yes"
"1688","No","Low","Yes","Yes"
"1689","Yes","High","No","No"
"1690","No","High","No","No"
"1691","Yes","High","No","Yes"
"1692","Yes","High","Yes","Yes"
"1693","Yes","High","Yes","Yes"
"1694","Yes","Low","Yes","Yes"
"1695","Yes","High","Yes","Yes"
"1696","Yes","High","Yes","Yes"
"1697","No","High","Yes","Yes"
"1698","Yes","Low","Yes","Yes"
"1699","Yes","High","No","No"
"1700","Yes","High","No","Yes"
"1701","No","Low","Yes","Yes"
"1702","Yes","High","Yes","No"
"1703","Yes","Low","No","No"
"1704","Yes","High","No","No"
"1705","Yes","High","No","Yes"
"1706","Yes","Low","Yes","Yes"
"1707","No","High","No","No"
"1708","No","Low","Yes","Yes"
"1709","Yes","High","Yes","Yes"
"1710","No","Low","Yes","Yes"
"1711","No","Low","No","No"
"1712","Yes","High","Yes","Yes"
"1713","Yes","Low","Yes","Yes"
"1714","Yes","High","Yes","Yes"
"1715","Yes","High","Yes","Yes"
"1716","No","Low","Yes","No"
"1717","Yes","High","Yes","Yes"
"1718","Yes","High","Yes","Yes"
"1719","Yes","High","Yes","Yes"
"1720","Yes","High","No","Yes"
"1721","Yes","High","Yes","Yes"
"1722","Yes","Low","No","Yes"
"1723","Yes","Low","Yes","Yes"
"1724","Yes","High","Yes","Yes"
"1725","Yes","High","Yes","Yes"
"1726","No","Low","Yes","Yes"
"1727","Yes","High","Yes","Yes"
"1728","Yes","High","Yes","Yes"
"1729","Yes","High","No","Yes"
"1730","Yes","Low","No","No"
"1731","Yes","High","Yes","Yes"
"1732","Yes","High","No","No"
"1733","No","Low","Yes","No"
"1734","Yes","Low","Yes","Yes"
"1735","Yes","High","No","Yes"
"1736","Yes","Low","Yes","No"
"1737","Yes","Low","Yes","Yes"
"1738","Yes","High","No","No"
"1739","Yes","High","Yes","Yes"
"1740","Yes","High","No","No"
"1741","Yes","High","No","No"
"1742","No","High","Yes","Yes"
"1743","Yes","High","Yes","Yes"
"1744","No","High","Yes","Yes"
"1745","Yes","Low","Yes","Yes"
"1746","Yes","High","No","No"
"1747","Yes","High","No","Yes"
"1748","Yes","Low","No","Yes"
"1749","Yes","Low","Yes","Yes"
"1750","No","Low","Yes","Yes"
"1751","Yes","Low","Yes","Yes"
"1752","No","Low","No","No"
"1753","Yes","High","No","Yes"
"1754","Yes","High","Yes","Yes"
"1755","Yes","Low","Yes","No"
"1756","Yes","High","Yes","Yes"
"1757","No","Low","Yes","Yes"
"1758","Yes","High","Yes","Yes"
"1759","No","Low","Yes","Yes"
"1760","No","Low","Yes","Yes"
"1761","No","Low","Yes","Yes"
"1762","Yes","High","Yes","Yes"
"1763","Yes","High","Yes","Yes"
"1764","No","Low","Yes","Yes"
"1765","No","Low","Yes","Yes"
"1766","Yes","Low","Yes","Yes"
"1767","No","High","No","Yes"
"1768","Yes","High","No","Yes"
"1769","Yes","High","Yes","Yes"
"1770","No","Low","Yes","Yes"
"1771","Yes","Low","Yes","Yes"
"1772","No","Low","Yes","No"
"1773","Yes","High","Yes","Yes"
"1774","Yes","High","No","Yes"
"1775","No","Low","Yes","Yes"
"1776","No","Low","Yes","Yes"
"1777","Yes","High","No","Yes"
"1778","Yes","High","No","Yes"
"1779","Yes","High","No","Yes"
"1780","Yes","Low","Yes","Yes"
"1781","No","Low","Yes","Yes"
"1782","Yes","High","Yes","Yes"
"1783","Yes","High","Yes","Yes"
"1784","No","High","Yes","Yes"
"1785","Yes","High","Yes","Yes"
"1786","Yes","High","Yes","Yes"
"1787","Yes","High","Yes","Yes"
"1788","Yes","High","Yes","Yes"
"1789","Yes","High","Yes","Yes"
"1790","Yes","Low","Yes","Yes"
"1791","No","Low","No","No"
"1792","No","Low","Yes","Yes"
"1793","No","High","Yes","Yes"
"1794","No","Low","No","No"
"1795","Yes","High","Yes","No"
"1796","Yes","High","No","Yes"
"1797","Yes","High","Yes","Yes"
"1798","Yes","High","Yes","No"
"1799","Yes","High","Yes","No"
"1800","Yes","High","No","Yes"
"1801","No","Low","Yes","Yes"
"1802","Yes","Low","Yes","Yes"
"1803","No","High","Yes","Yes"
"1804","No","Low","Yes","Yes"
"1805","Yes","High","Yes","Yes"
"1806","No","Low","Yes","Yes"
"1807","Yes","High","Yes","Yes"
"1808","No","High","Yes","Yes"
"1809","No","Low","Yes","Yes"
"1810","Yes","Low","Yes","Yes"
"1811","Yes","High","No","Yes"
"1812","No","Low","No","No"
"1813","Yes","High","Yes","Yes"
"1814","Yes","Low","Yes","Yes"
"1815","No","Low","Yes","Yes"
"1816","No","High","Yes","Yes"
"1817","No","Low","Yes","No"
"1818","No","High","Yes","Yes"
"1819","Yes","High","Yes","Yes"
"1820","No","Low","Yes","No"
"1821","Yes","High","Yes","Yes"
"1822","No","Low","Yes","Yes"
"1823","Yes","Low","Yes","Yes"
"1824","Yes","Low","Yes","Yes"
"1825","Yes","High","Yes","Yes"
"1826","Yes","High","No","No"
"1827","No","Low","Yes","No"
"1828","No","Low","Yes","Yes"
"1829","No","Low","Yes","Yes"
"1830","Yes","High","Yes","Yes"
"1831","Yes","High","Yes","No"
"1832","Yes","High","Yes","Yes"
"1833","No","Low","Yes","Yes"
"1834","Yes","High","No","Yes"
"1835","No","Low","Yes","Yes"
"1836","Yes","High","Yes","Yes"
"1837","No","Low","Yes","No"
"1838","Yes","Low","Yes","Yes"
"1839","Yes","High","Yes","Yes"
"1840","No","Low","Yes","Yes"
"1841","Yes","Low","Yes","Yes"
"1842","No","Low","Yes","No"
"1843","Yes","High","Yes","Yes"
"1844","No","Low","Yes","Yes"
"1845","Yes","High","Yes","Yes"
"1846","Yes","High","No","No"
"1847","Yes","Low","Yes","Yes"
"1848","Yes","High","No","No"
"1849","Yes","High","No","Yes"
"1850","Yes","High","Yes","Yes"
"1851","Yes","High","No","Yes"
"1852","Yes","Low","Yes","Yes"
"1853","No","High","Yes","Yes"
"1854","Yes","High","No","No"
"1855","No","High","Yes","Yes"
"1856","No","Low","Yes","Yes"
"1857","No","Low","Yes","Yes"
"1858","Yes","Low","Yes","Yes"
"1859","No","High","No","No"
"1860","Yes","High","Yes","Yes"
"1861","Yes","Low","No","No"
"1862","No","Low","Yes","Yes"
"1863","No","High","Yes","Yes"
"1864","Yes","High","Yes","Yes"
"1865","Yes","High","Yes","Yes"
"1866","Yes","High","No","Yes"
"1867","Yes","High","No","Yes"
"1868","Yes","High","Yes","No"
"1869","Yes","High","Yes","Yes"
"1870","Yes","High","No","Yes"
"1871","Yes","High","Yes","Yes"
"1872","Yes","High","Yes","Yes"
"1873","Yes","Low","Yes","Yes"
"1874","No","Low","Yes","No"
"1875","Yes","Low","Yes","Yes"
"1876","Yes","Low","No","No"
"1877","Yes","High","Yes","Yes"
"1878","No","Low","No","No"
"1879","Yes","High","Yes","Yes"
"1880","Yes","High","Yes","Yes"
"1881","Yes","High","Yes","Yes"
"1882","Yes","High","Yes","Yes"
"1883","Yes","Low","Yes","No"
"1884","Yes","Low","Yes","Yes"
"1885","No","Low","Yes","No"
"1886","Yes","High","Yes","Yes"
"1887","No","Low","Yes","Yes"
"1888","Yes","High","Yes","Yes"
"1889","Yes","High","Yes","Yes"
"1890","Yes","High","No","No"
"1891","No","Low","Yes","Yes"
"1892","Yes","High","No","No"
"1893","Yes","High","No","No"
"1894","Yes","High","Yes","Yes"
"1895","Yes","High","Yes","Yes"
"1896","Yes","Low","Yes","Yes"
"1897","No","High","No","Yes"
"1898","No","Low","Yes","Yes"
"1899","Yes","High","No","Yes"
"1900","No","Low","Yes","Yes"
"1901","No","High","Yes","Yes"
"1902","Yes","High","Yes","Yes"
"1903","No","Low","Yes","Yes"
"1904","Yes","High","Yes","Yes"
"1905","No","High","Yes","No"
"1906","Yes","Low","Yes","No"
"1907","Yes","High","Yes","Yes"
"1908","Yes","High","Yes","No"
"1909","Yes","High","No","Yes"
"1910","Yes","High","Yes","Yes"
"1911","Yes","High","No","No"
"1912","Yes","High","Yes","Yes"
"1913","No","Low","Yes","Yes"
"1914","No","Low","Yes","Yes"
"1915","Yes","High","Yes","Yes"
"1916","Yes","High","No","Yes"
"1917","No","Low","Yes","Yes"
"1918","Yes","High","Yes","Yes"
"1919","Yes","High","Yes","Yes"
"1920","Yes","High","Yes","Yes"
"1921","Yes","Low","Yes","Yes"
"1922","Yes","High","Yes","No"
"1923","Yes","High","Yes","Yes"
"1924","Yes","Low","No","No"
"1925","Yes","High","No","Yes"
"1926","Yes","High","Yes","Yes"
"1927","Yes","High","Yes","Yes"
"1928","Yes","High","Yes","Yes"
"1929","Yes","Low","No","Yes"
"1930","Yes","Low","Yes","Yes"
"1931","No","Low","Yes","No"
"1932","No","Low","Yes","No"
"1933","Yes","High","Yes","Yes"
"1934","Yes","High","Yes","Yes"
"1935","Yes","High","Yes","Yes"
"1936","Yes","Low","Yes","Yes"
"1937","Yes","High","Yes","Yes"
"1938","No","High","Yes","No"
"1939","Yes","High","Yes","Yes"
"1940","Yes","High","Yes","Yes"
"1941","Yes","High","Yes","Yes"
"1942","Yes","High","Yes","Yes"
"1943","Yes","Low","Yes","Yes"
"1944","Yes","High","Yes","Yes"
"1945","No","Low","Yes","Yes"
"1946","No","High","Yes","No"
"1947","Yes","High","Yes","Yes"
"1948","Yes","High","No","Yes"
"1949","No","Low","Yes","No"
"1950","Yes","High","No","No"
"1951","Yes","High","Yes","No"
"1952","Yes","High","Yes","Yes"
"1953","Yes","High","Yes","Yes"
"1954","Yes","High","No","No"
"1955","Yes","High","No","Yes"
"1956","No","High","Yes","Yes"
"1957","No","Low","Yes","Yes"
"1958","Yes","High","No","Yes"
"1959","No","High","Yes","Yes"
"1960","No","High","Yes","Yes"
"1961","Yes","High","Yes","Yes"
"1962","Yes","High","Yes","Yes"
"1963","No","Low","Yes","Yes"
"1964","Yes","High","Yes","Yes"
"1965","No","Low","Yes","Yes"
"1966","Yes","Low","Yes","Yes"
"1967","Yes","High","No","Yes"
"1968","No","Low","Yes","Yes"
"1969","Yes","Low","Yes","Yes"
"1970","Yes","High","Yes","Yes"
"1971","Yes","High","Yes","Yes"
"1972","Yes","High","Yes","Yes"
"1973","Yes","High","Yes","Yes"
"1974","No","High","Yes","Yes"
"1975","Yes","High","Yes","Yes"
"1976","Yes","High","Yes","Yes"
"1977","Yes","High","Yes","Yes"
"1978","Yes","High","Yes","Yes"
"1979","Yes","High","Yes","Yes"
"1980","Yes","High","Yes","No"
"1981","Yes","High","Yes","Yes"
"1982","No","Low","Yes","No"
"1983","No","Low","Yes","Yes"
"1984","No","High","Yes","Yes"
"1985","No","Low","No","No"
"1986","Yes","High","Yes","Yes"
"1987","Yes","High","Yes","Yes"
"1988","No","High","Yes","Yes"
"1989","Yes","Low","Yes","Yes"
"1990","No","Low","Yes","Yes"
"1991","Yes","High","Yes","Yes"
"1992","Yes","High","No","No"
"1993","Yes","Low","Yes","No"
"1994","Yes","High","Yes","No"
"1995","Yes","Low","Yes","Yes"
"1996","Yes","High","Yes","Yes"
"1997","Yes","Low","Yes","Yes"
"1998","No","Low","Yes","Yes"
"1999","Yes","Low","Yes","Yes"
"2000","Yes","High","No","Yes"
